pedido_id,dia,hub_origen,destino,ruta,asignados,pendientes,fitness
0000006,1,EBCI,EHAM,"[com.morapack.ga.Vuelo@61e4705b]",130,0,0.8832
0000003,1,UBBB,VIDP,"[com.morapack.ga.Vuelo@deb6432]",130,0,3.7873
0000001,1,EBCI,UMMS,"[com.morapack.ga.Vuelo@28ba21f3]",129,0,1.6042
0000004,1,SPIM,SKBO,"[com.morapack.ga.Vuelo@f2a0b8e]",130,0,2.1269
0000005,1,SPIM,SEQM,"[com.morapack.ga.Vuelo@593634ad]",130,0,2.2306
0000002,1,UBBB,OAKB,"[com.morapack.ga.Vuelo@20fa23c1]",129,0,1.7961
0000007,1,EBCI,LBSF,"[com.morapack.ga.Vuelo@3581c5f3]",130,0,1.5329
0000010,2,SPIM,SVMI,"[com.morapack.ga.Vuelo@6aa8ceb6, com.morapack.ga.Vuelo@2530c12]",132,0,3.4766
0000013,2,UBBB,OSDI,"[com.morapack.ga.Vuelo@73c6c3b2]",132,0,2.0687
0000008,2,EBCI,UMMS,"[com.morapack.ga.Vuelo@48533e64]",131,0,2.7141
0000012,2,UBBB,OERK,"[com.morapack.ga.Vuelo@64a294a6]",132,0,2.6535
0000011,2,UBBB,VIDP,"[com.morapack.ga.Vuelo@7e0b37bc]",132,0,2.0497
0000009,2,EBCI,LBSF,"[com.morapack.ga.Vuelo@3b95a09c]",131,0,1.7096
0000018,3,EBCI,LKPR,"[com.morapack.ga.Vuelo@6ae40994]",135,0,1.3858
0000016,3,UBBB,OAKB,"[com.morapack.ga.Vuelo@1a93a7ca]",134,0,3.0487
0000014,3,EBCI,EKCH,"[com.morapack.ga.Vuelo@3d82c5f3]",134,0,1.4763
0000017,3,EBCI,LATI,"[com.morapack.ga.Vuelo@2b05039f]",134,0,2.2465
0000015,3,EBCI,EKCH,"[com.morapack.ga.Vuelo@3d82c5f3]",134,0,1.4763
0000019,3,UBBB,OPKC,"[com.morapack.ga.Vuelo@61e717c2]",135,0,2.0688
0000021,4,SPIM,SEQM,"[com.morapack.ga.Vuelo@66cd51c3]",136,0,0.8398
0000023,4,UBBB,OSDI,"[com.morapack.ga.Vuelo@4dcbadb4]",137,0,2.3216
0000024,4,EBCI,EDDI,"[com.morapack.ga.Vuelo@4e515669]",137,0,1.2041
0000020,4,UBBB,OAKB,"[com.morapack.ga.Vuelo@17d10166]",136,0,1.6963
0000022,4,SPIM,SGAS,"[com.morapack.ga.Vuelo@1b9e1916]",137,0,3.6129
0000025,4,SPIM,SEQM,"[com.morapack.ga.Vuelo@593634ad]",137,0,2.2306
0000028,5,UBBB,VIDP,"[com.morapack.ga.Vuelo@ba8a1dc]",139,0,2.5389
0000026,5,EBCI,LBSF,"[com.morapack.ga.Vuelo@6ae40994, com.morapack.ga.Vuelo@4f8e5cde]",139,0,2.6214
0000029,5,UBBB,OPKC,"[com.morapack.ga.Vuelo@deb6432]",140,0,3.7873
0000027,5,EBCI,EHAM,"[com.morapack.ga.Vuelo@61e4705b]",139,0,0.8832
0000030,5,SPIM,SBBR,"[com.morapack.ga.Vuelo@504bae78, com.morapack.ga.Vuelo@3b764bce]",140,0,3.6506
0000031,6,SPIM,SLLP,"[com.morapack.ga.Vuelo@759ebb3d]",141,0,2.1269
0000033,6,SPIM,SABE,"[com.morapack.ga.Vuelo@484b61fc]",142,0,4.2244
0000034,6,SPIM,SGAS,"[com.morapack.ga.Vuelo@1b9e1916]",142,0,3.6129
0000032,6,SPIM,SCEL,"[com.morapack.ga.Vuelo@45fe3ee3]",141,0,3.5362
0000035,6,SPIM,SUAA,"[com.morapack.ga.Vuelo@4cdf35a9]",142,0,4.5531
0000039,7,EBCI,LKPR,"[com.morapack.ga.Vuelo@6ae40994]",26,118,1.3858
0000039,7,EBCI,LKPR,"[com.morapack.ga.Vuelo@4c98385c]",118,0,1.3858
0000036,7,EBCI,LATI,"[com.morapack.ga.Vuelo@5fcfe4b2]",143,0,1.6530
0000038,7,EBCI,LOWW,"[com.morapack.ga.Vuelo@28ba21f3]",144,0,1.6042
0000040,7,EBCI,LDZA,"[com.morapack.ga.Vuelo@6bf2d08e]",144,0,1.1346
0000037,7,EBCI,EDDI,"[com.morapack.ga.Vuelo@5eb5c224]",143,0,1.2758
0000041,8,EBCI,EKCH,"[com.morapack.ga.Vuelo@3d82c5f3]",72,74,1.4763
0000041,8,EBCI,EKCH,"[com.morapack.ga.Vuelo@53e25b76]",74,0,1.3170
0000043,8,UBBB,VIDP,"[com.morapack.ga.Vuelo@6bf2d08e, com.morapack.ga.Vuelo@73a8dfcc]",146,0,2.4216
0000045,8,UBBB,OERK,"[com.morapack.ga.Vuelo@64a294a6]",147,0,2.6535
0000042,8,EBCI,EHAM,"[com.morapack.ga.Vuelo@61e4705b]",91,55,0.8832
0000042,8,EBCI,EHAM,"[com.morapack.ga.Vuelo@ea30797]",55,0,0.8832
0000044,8,UBBB,OSDI,"[com.morapack.ga.Vuelo@7e774085]",147,0,2.0708
0000050,9,EBCI,UMMS,"[com.morapack.ga.Vuelo@3f8f9dd6]",149,0,2.3918
0000048,9,UBBB,OMDB,"[com.morapack.ga.Vuelo@aec6354]",149,0,2.9941
0000047,9,UBBB,OYSN,"[com.morapack.ga.Vuelo@1c655221]",148,0,3.7466
0000049,9,UBBB,OJAI,"[com.morapack.ga.Vuelo@58d25a40]",149,0,2.6710
0000046,9,UBBB,OOMS,"[com.morapack.ga.Vuelo@1b701da1]",148,0,3.0982
0000055,10,EBCI,LDZA,"[com.morapack.ga.Vuelo@726f3b58]",151,0,1.7103
0000052,10,EBCI,EDDI,"[com.morapack.ga.Vuelo@442d9b6e]",150,0,1.3455
0000054,10,EBCI,LKPR,"[com.morapack.ga.Vuelo@4c98385c]",151,0,1.3858
0000051,10,EBCI,LATI,"[com.morapack.ga.Vuelo@2b05039f]",150,0,2.2465
0000053,10,EBCI,LOWW,"[com.morapack.ga.Vuelo@ee7d9f1]",151,0,1.3296
0000059,11,UBBB,OSDI,"[com.morapack.ga.Vuelo@4dcbadb4]",153,0,2.3216
0000056,11,EBCI,EKCH,"[com.morapack.ga.Vuelo@15615099]",152,0,1.4763
0000058,11,UBBB,VIDP,"[com.morapack.ga.Vuelo@1edf1c96]",153,0,4.0578
0000060,11,UBBB,OERK,"[com.morapack.ga.Vuelo@64a294a6]",61,93,2.6535
0000060,11,UBBB,OERK,"[com.morapack.ga.Vuelo@368102c8]",93,0,2.6535
0000057,11,EBCI,EHAM,"[com.morapack.ga.Vuelo@ea30797]",152,0,0.8832
0000064,12,UBBB,OJAI,"[com.morapack.ga.Vuelo@58d25a40]",151,5,2.6710
0000064,12,UBBB,OJAI,"[com.morapack.ga.Vuelo@6996db8]",5,0,1.0564
0000061,12,UBBB,OOMS,"[com.morapack.ga.Vuelo@1b701da1]",154,0,3.0982
0000063,12,UBBB,OMDB,"[com.morapack.ga.Vuelo@1963006a]",155,0,2.6955
0000065,12,EBCI,UMMS,"[com.morapack.ga.Vuelo@48533e64]",156,0,2.7141
0000062,12,UBBB,OYSN,"[com.morapack.ga.Vuelo@1c655221]",155,0,3.7466
0000069,13,SPIM,SBBR,"[com.morapack.ga.Vuelo@7fbe847c]",158,0,3.0817
0000066,13,SPIM,SVMI,"[com.morapack.ga.Vuelo@45fe3ee3]",157,0,3.5362
0000068,13,SPIM,SEQM,"[com.morapack.ga.Vuelo@593634ad]",53,105,2.2306
0000068,13,SPIM,SEQM,"[com.morapack.ga.Vuelo@41975e01]",105,0,2.2306
0000070,13,SPIM,SLLP,"[com.morapack.ga.Vuelo@759ebb3d]",159,0,2.1269
0000067,13,SPIM,SKBO,"[com.morapack.ga.Vuelo@c2e1f26]",157,0,1.7364
0000072,14,SPIM,SABE,"[com.morapack.ga.Vuelo@484b61fc]",158,2,4.2244
0000072,14,SPIM,SABE,"[com.morapack.ga.Vuelo@dcf3e99]",2,0,1.6963
0000074,14,SPIM,SUAA,"[com.morapack.ga.Vuelo@6d9c638]",161,0,2.1006
0000071,14,SPIM,SCEL,"[com.morapack.ga.Vuelo@442d9b6e, com.morapack.ga.Vuelo@7dc5e7b4]",159,0,3.0533
0000073,14,SPIM,SGAS,"[com.morapack.ga.Vuelo@1b9e1916]",41,119,3.6129
0000073,14,SPIM,SGAS,"[com.morapack.ga.Vuelo@1ee0005]",119,0,3.1067
0000075,14,EBCI,LATI,"[com.morapack.ga.Vuelo@2b05039f]",56,105,2.2465
0000075,14,EBCI,LATI,"[com.morapack.ga.Vuelo@75a1cd57]",105,0,2.0150
0000077,15,EBCI,LOWW,"[com.morapack.ga.Vuelo@3d012ddd]",162,0,1.1346
0000079,15,EBCI,LDZA,"[com.morapack.ga.Vuelo@726f3b58]",163,0,1.7103
0000076,15,EBCI,EDDI,"[com.morapack.ga.Vuelo@442d9b6e]",51,111,1.3455
0000076,15,EBCI,EDDI,"[com.morapack.ga.Vuelo@6f2b958e]",111,0,1.2041
0000078,15,EBCI,LKPR,"[com.morapack.ga.Vuelo@4c98385c]",31,132,1.3858
0000078,15,EBCI,LKPR,"[com.morapack.ga.Vuelo@1eb44e46]",132,0,1.3858
0000080,15,EBCI,EKCH,"[com.morapack.ga.Vuelo@15615099]",164,0,1.4763
0000082,16,UBBB,VIDP,"[com.morapack.ga.Vuelo@6504e3b2, com.morapack.ga.Vuelo@515f550a]",165,0,3.2913
0000084,16,UBBB,OERK,"[com.morapack.ga.Vuelo@626b2d4a]",166,0,1.5730
0000081,16,EBCI,EHAM,"[com.morapack.ga.Vuelo@ea30797]",113,51,0.8832
0000081,16,EBCI,EHAM,"[com.morapack.ga.Vuelo@5e91993f]",51,0,1.0599
0000083,16,UBBB,OSDI,"[com.morapack.ga.Vuelo@4dcbadb4]",70,95,2.3216
0000083,16,UBBB,OSDI,"[com.morapack.ga.Vuelo@1c4af82c]",95,0,2.3216
0000085,16,UBBB,OOMS,"[com.morapack.ga.Vuelo@379619aa]",166,0,1.2095
0000089,17,EBCI,UMMS,"[com.morapack.ga.Vuelo@73c6c3b2]",168,0,2.0687
0000086,17,UBBB,OYSN,"[com.morapack.ga.Vuelo@1c655221]",57,110,3.7466
0000086,17,UBBB,OYSN,"[com.morapack.ga.Vuelo@cac736f]",110,0,3.1272
0000088,17,UBBB,OJAI,"[com.morapack.ga.Vuelo@6996db8]",168,0,1.0564
0000090,17,SPIM,SVMI,"[com.morapack.ga.Vuelo@5e265ba4]",169,0,3.8339
0000087,17,UBBB,OMDB,"[com.morapack.ga.Vuelo@156643d4]",167,0,1.7155
0000094,18,SPIM,SLLP,"[com.morapack.ga.Vuelo@123a439b]",171,0,2.1269
0000091,18,SPIM,SKBO,"[com.morapack.ga.Vuelo@7de26db8]",169,0,1.5402
0000093,18,SPIM,SBBR,"[com.morapack.ga.Vuelo@1175e2db]",170,0,4.4645
0000095,18,SPIM,SCEL,"[com.morapack.ga.Vuelo@36aa7bc2]",171,0,2.7855
0000092,18,SPIM,SEQM,"[com.morapack.ga.Vuelo@41975e01]",170,0,2.2306
0000097,19,SPIM,SGAS,"[com.morapack.ga.Vuelo@41975e01]",25,147,2.2306
0000097,19,SPIM,SGAS,"[com.morapack.ga.Vuelo@76ccd017]",147,0,3.6129
0000099,19,EBCI,LATI,"[com.morapack.ga.Vuelo@182decdb]",173,0,2.2465
0000096,19,SPIM,SABE,"[com.morapack.ga.Vuelo@26f0a63f]",172,0,3.3208
0000098,19,SPIM,SUAA,"[com.morapack.ga.Vuelo@4cdf35a9]",158,15,4.5531
0000098,19,SPIM,SUAA,"[com.morapack.ga.Vuelo@aec6354]",15,0,2.9941
0000100,19,EBCI,EDDI,"[com.morapack.ga.Vuelo@4361bd48]",174,0,1.3455
0000102,20,EBCI,LKPR,"[com.morapack.ga.Vuelo@1eb44e46]",168,7,1.3858
0000102,20,EBCI,LKPR,"[com.morapack.ga.Vuelo@53bd815b]",7,0,1.3858
0000104,20,EBCI,EKCH,"[com.morapack.ga.Vuelo@15615099]",44,132,1.4763
0000104,20,EBCI,EKCH,"[com.morapack.ga.Vuelo@2401f4c3]",132,0,1.4763
0000101,20,EBCI,LOWW,"[com.morapack.ga.Vuelo@28ba21f3]",87,87,1.6042
0000101,20,EBCI,LOWW,"[com.morapack.ga.Vuelo@7637f22]",87,0,1.7320
0000103,20,EBCI,LDZA,"[com.morapack.ga.Vuelo@5e91993f]",175,0,1.0599
0000105,20,EBCI,EHAM,"[com.morapack.ga.Vuelo@5e91993f]",114,62,1.0599
0000105,20,EBCI,EHAM,"[com.morapack.ga.Vuelo@4926097b]",62,0,1.0599
0000107,21,UBBB,OSDI,"[com.morapack.ga.Vuelo@762efe5d]",177,0,2.2393
0000109,21,UBBB,OOMS,"[com.morapack.ga.Vuelo@379619aa]",154,24,1.2095
0000109,21,UBBB,OOMS,"[com.morapack.ga.Vuelo@5d22bbb7]",24,0,2.4997
0000106,21,UBBB,VIDP,"[com.morapack.ga.Vuelo@41a4555e]",177,0,3.1112
0000108,21,UBBB,OERK,"[com.morapack.ga.Vuelo@368102c8]",178,0,2.6535
0000110,21,UBBB,OYSN,"[com.morapack.ga.Vuelo@3830f1c0]",179,0,2.8844
0000112,22,UBBB,OJAI,"[com.morapack.ga.Vuelo@6996db8]",180,0,1.0564
0000114,22,SPIM,SVMI,"[com.morapack.ga.Vuelo@39ed3c8d]",181,0,2.7592
0000111,22,UBBB,OMDB,"[com.morapack.ga.Vuelo@156643d4]",153,26,1.7155
0000111,22,UBBB,OMDB,"[com.morapack.ga.Vuelo@aec6354]",26,0,2.9941
0000113,22,EBCI,UMMS,"[com.morapack.ga.Vuelo@48533e64]",13,167,2.7141
0000113,22,EBCI,UMMS,"[com.morapack.ga.Vuelo@71dac704]",167,0,2.7141
0000115,22,SPIM,SKBO,"[com.morapack.ga.Vuelo@123772c4]",181,0,2.7592
0000117,23,SPIM,SBBR,"[com.morapack.ga.Vuelo@123a439b]",149,33,2.1269
0000117,23,SPIM,SBBR,"[com.morapack.ga.Vuelo@2d363fb3]",33,0,3.1679
0000119,23,SPIM,SCEL,"[com.morapack.ga.Vuelo@45fe3ee3]",42,141,3.5362
0000119,23,SPIM,SCEL,"[com.morapack.ga.Vuelo@7d6f77cc]",141,0,3.7129
0000116,23,SPIM,SEQM,"[com.morapack.ga.Vuelo@5aaa6d82]",182,0,1.3636
0000118,23,SPIM,SLLP,"[com.morapack.ga.Vuelo@7637f22]",183,0,1.7320
0000120,23,SPIM,SABE,"[com.morapack.ga.Vuelo@73a28541]",184,0,3.1272
0000122,24,SPIM,SUAA,"[com.morapack.ga.Vuelo@6f75e721]",185,0,4.5531
0000124,24,EBCI,EDDI,"[com.morapack.ga.Vuelo@4361bd48]",126,60,1.3455
0000124,24,EBCI,EDDI,"[com.morapack.ga.Vuelo@69222c14]",60,0,1.3455
0000121,24,SPIM,SGAS,"[com.morapack.ga.Vuelo@606d8acf]",184,0,3.2041
0000123,24,EBCI,LATI,"[com.morapack.ga.Vuelo@182decdb]",147,38,2.2465
0000123,24,EBCI,LATI,"[com.morapack.ga.Vuelo@782830e]",38,0,2.2465
0000125,24,EBCI,LOWW,"[com.morapack.ga.Vuelo@470e2030]",186,0,1.7809
0000127,25,EBCI,LDZA,"[com.morapack.ga.Vuelo@3fb4f649]",187,0,1.3771
0000129,25,EBCI,EHAM,"[com.morapack.ga.Vuelo@4926097b]",188,0,1.0599
0000126,25,EBCI,LKPR,"[com.morapack.ga.Vuelo@33833882]",187,0,1.1146
0000128,25,EBCI,EKCH,"[com.morapack.ga.Vuelo@2401f4c3]",188,0,1.4763
0000130,25,UBBB,VIDP,"[com.morapack.ga.Vuelo@1edf1c96]",167,22,4.0578
0000130,25,UBBB,VIDP,"[com.morapack.ga.Vuelo@1c4af82c]",22,0,2.3216
0000132,26,UBBB,OERK,"[com.morapack.ga.Vuelo@200a570f]",190,0,2.4983
0000134,26,UBBB,OYSN,"[com.morapack.ga.Vuelo@16b3fc9e]",191,0,3.9233
0000131,26,UBBB,OSDI,"[com.morapack.ga.Vuelo@1c4af82c]",189,0,2.3216
0000133,26,UBBB,OOMS,"[com.morapack.ga.Vuelo@1b701da1]",58,132,3.0982
0000133,26,UBBB,OOMS,"[com.morapack.ga.Vuelo@e2d56bf]",132,0,3.2749
0000135,26,UBBB,OMDB,"[com.morapack.ga.Vuelo@244038d0]",191,0,1.0328
0000137,27,EBCI,UMMS,"[com.morapack.ga.Vuelo@5680a178]",192,0,2.0372
0000139,27,SPIM,SKBO,"[com.morapack.ga.Vuelo@123772c4]",159,34,2.7592
0000139,27,SPIM,SKBO,"[com.morapack.ga.Vuelo@5fdef03a]",34,0,2.7592
0000136,27,UBBB,OJAI,"[com.morapack.ga.Vuelo@6996db8]",7,185,1.0564
0000136,27,UBBB,OJAI,"[com.morapack.ga.Vuelo@1c4af82c]",54,131,2.3216
0000136,27,UBBB,OJAI,"[com.morapack.ga.Vuelo@3b22cdd0]",131,0,2.5714
0000138,27,SPIM,SVMI,"[com.morapack.ga.Vuelo@1e81f4dc]",193,0,1.9131
0000140,27,SPIM,SEQM,"[com.morapack.ga.Vuelo@4d591d15]",194,0,2.2306
0000142,28,SPIM,SLLP,"[com.morapack.ga.Vuelo@65ae6ba4]",195,0,1.7809
0000144,28,SPIM,SABE,"[com.morapack.ga.Vuelo@48cf768c, com.morapack.ga.Vuelo@59f95c5d]",196,0,3.9073
0000141,28,SPIM,SBBR,"[com.morapack.ga.Vuelo@5ccd43c2]",194,0,4.2244
0000143,28,SPIM,SCEL,"[com.morapack.ga.Vuelo@7d6f77cc]",195,0,3.7129
0000145,28,SPIM,SGAS,"[com.morapack.ga.Vuelo@76ccd017]",196,0,3.6129
0000147,29,EBCI,LATI,"[com.morapack.ga.Vuelo@782830e]",197,0,2.2465
0000149,29,EBCI,LOWW,"[com.morapack.ga.Vuelo@470e2030]",134,64,1.7809
0000149,29,EBCI,LOWW,"[com.morapack.ga.Vuelo@4aa8f0b4]",64,0,1.6556
0000146,29,SPIM,SUAA,"[com.morapack.ga.Vuelo@61e717c2]",197,0,2.0688
0000148,29,EBCI,EDDI,"[com.morapack.ga.Vuelo@5eb5c224]",157,41,1.2758
0000148,29,EBCI,EDDI,"[com.morapack.ga.Vuelo@69222c14]",41,0,1.3455
0000150,29,EBCI,LKPR,"[com.morapack.ga.Vuelo@7960847b]",199,0,1.2963
0000152,30,EBCI,EKCH,"[com.morapack.ga.Vuelo@6a6824be]",200,0,1.2041
0000154,30,UBBB,VIDP,"[com.morapack.ga.Vuelo@5c8da962]",201,0,3.0838
0000151,30,EBCI,LDZA,"[com.morapack.ga.Vuelo@726f3b58]",26,173,1.7103
0000151,30,EBCI,LDZA,"[com.morapack.ga.Vuelo@512ddf17]",173,0,1.8091
